[ec2-user@ip-10-1-10-59 ~]$ mysql -h database-primary.cqvvvsptrkmt.us-east-1.rds.amazonaws.com -P 3306 -u admin -p
Enter password:
Welcome to the MariaDB monitor.  Commands end with ; or \g.
Your MySQL connection id is 21
Server version: 5.7.22-log Source distribution

Copyright (c) 2000, 2018, Oracle, MariaDB Corporation Ab and others.

Type 'help;' or '\h' for help. Type '\c' to clear the current input statement.

MySQL [(none)]> CREATE DATABASE books;
Query OK, 1 row affected (0.01 sec)

MySQL [(none)]> USE books;
Database changed
MySQL [books]> CREATE TABLE authors (id INT, name VARCHAR(20), email VARCHAR(20));
Query OK, 0 rows affected (0.09 sec)

MySQL [books]> SHOW TABLES;
+-----------------+
| Tables_in_books |
+-----------------+
| authors         |
+-----------------+
1 row in set (0.00 sec)

MySQL [books]> INSERT INTO authors (id,name,email) VALUES(1,"Vivek","xuz@abc.com");
Query OK, 1 row affected (0.01 sec)

MySQL [books]> SELECT * FROM authors;
+------+-------+-------------+
| id   | name  | email       |
+------+-------+-------------+
|    1 | Vivek | xuz@abc.com |
+------+-------+-------------+
1 row in set (0.00 sec)

MySQL [books]> INSERT INTO authors (id,name,email) VALUES(2,"Test","test@abc.com");
Query OK, 1 row affected (0.01 sec)

MySQL [books]> SELECT * FROM authors;
+------+-------+--------------+
| id   | name  | email        |
+------+-------+--------------+
|    1 | Vivek | xuz@abc.com  |
|    2 | Test  | test@abc.com |
+------+-------+--------------+
2 rows in set (0.00 sec)

MySQL [books]>
